country_code,country,year,health_expenditure_gdp,life_expectancy,gdp_per_capita,log_gdp_per_capita,region
ALB,Albania,2007,2.4964547619474,72,3743.055299,8.227657481773388,Europe & Central Asia
ALB,Albania,2008,2.47189450228981,71,4498.504868,8.411500368995078,Europe & Central Asia
ALB,Albania,2010,2.63446478144812,76.63,4149.144699,8.33065749535741,Europe & Central Asia
ALB,Albania,2011,2.70575952984581,76.75,4465.709143,8.404183303320004,Europe & Central Asia
ALB,Albania,2012,2.80720824639404,76.9,4280.933163,8.361926293549349,Europe & Central Asia
ALB,Albania,2013,2.79893457440948,77.04,4542.929036,8.421327245122324,Europe & Central Asia
ALB,Albania,2014,2.74492459757695,77.35,4793.597511,8.475036454648732,Europe & Central Asia
ALB,Albania,2015,2.74041494798765,77.54,4199.539129,8.342730067060076,Europe & Central Asia
ALB,Albania,2016,2.839594745224,77.83,4457.634122,8.402373438348006,Europe & Central Asia
ALB,Albania,2017,2.92470139596318,78.01,5006.36013,8.518464409076579,Europe & Central Asia
ARM,Armenia,2013,1.42954455373563,73.92,3680.166922,8.210713389373408,Europe & Central Asia
ARM,Armenia,2017,1.52294501992841,74.8,3869.053739,8.260765244239618,Europe & Central Asia
AUS,Australia,2007,5.91471206689928,81,41128.247662,10.624450455454229,East Asia & Pacific
AUS,Australia,2008,5.96409706340693,82,49811.206722,10.815995272274575,East Asia & Pacific
AUS,Australia,2009,6.42348798061908,82,42954.849488,10.667904831120028,East Asia & Pacific
AUS,Australia,2010,6.41848062706421,81.4,52313.893904,10.86501727259249,East Asia & Pacific
AUS,Australia,2011,6.45689622869679,81.54,62799.389502,11.047700631103304,East Asia & Pacific
AUS,Australia,2012,6.85301550237693,81.7,68301.440251000007,11.13168613246686,East Asia & Pacific
AUS,Australia,2013,6.69969933977156,81.85,68476.67885,11.134248511537916,East Asia & Pacific
AUS,Australia,2014,6.71301403311329,82.1,62817.206175,11.04798429860796,East Asia & Pacific
AUS,Australia,2015,6.81043048580713,82.2,56970.361303,10.950286434441342,East Asia & Pacific
AUS,Australia,2016,6.96535543865743,82.25,50084.444061,10.821465741074109,East Asia & Pacific
AUS,Australia,2017,7.1408116465801,82.45,54117.547719,10.898913769340147,East Asia & Pacific
AUT,Austria,2007,7.36070399819704,79,46622.962291,10.749848451776582,Europe & Central Asia
AUT,Austria,2008,7.51263182870209,80,51581.398236,10.850916387171834,Europe & Central Asia
AUT,Austria,2009,7.84056330263317,80,47857.444664,10.775981968143943,Europe & Central Asia
AUT,Austria,2010,7.86599440480222,80.45,46611.139342,10.749594833221648,Europe & Central Asia
AUT,Austria,2011,7.65148715726315,80.08,51116.895352,10.84187035465626,Europe & Central Asia
AUT,Austria,2012,7.68489307023845,80.38,48250.405914,10.784159519457134,Europe & Central Asia
AUT,Austria,2013,7.77833177220106,81.03,50305.354577,10.825866803245193,Europe & Central Asia
AUT,Austria,2014,7.91880499276444,80.94,51314.972262,10.845737845535968,Europe & Central Asia
AUT,Austria,2015,8.20141673974415,80.89,43915.228021,10.690016418663822,Europe & Central Asia
AUT,Austria,2016,8.1720123710879,81.34,45061.499392,10.715783488887569,Europe & Central Asia
AUT,Austria,2017,8.18686177076243,81.84,47163.742578,10.76138071066284,Europe & Central Asia
AZE,Azerbaijan,2008,0.892688079885991,64,5574.468104,8.625952184422488,Europe & Central Asia
AZE,Azerbaijan,2009,1.16202968976026,68,4950.39949,8.507223557356763,Europe & Central Asia
AZE,Azerbaijan,2010,1.03473448722477,70.18,5843.533768,8.673090990085017,Europe & Central Asia
AZE,Azerbaijan,2011,0.973272915786644,70.44,7189.818692,8.880421233707299,Europe & Central Asia
AZE,Azerbaijan,2012,1.13784782541187,70.51,7495.865277,8.922106851104667,Europe & Central Asia
AZE,Azerbaijan,2013,1.08710597779382,70.65,7875.345367,8.971492318859166,Europe & Central Asia
AZE,Azerbaijan,2014,1.16023119898465,70.62,7890.840281,8.973457907662281,Europe & Central Asia
AZE,Azerbaijan,2015,1.33891136447223,70.69,5500.503646,8.612594939028103,Europe & Central Asia
AZE,Azerbaijan,2016,1.20648338772565,70.76,3880.685228,8.263767022179104,Europe & Central Asia
AZE,Azerbaijan,2017,1.04059268273958,70.85,4147.198142,8.330188238704682,Europe & Central Asia
BEL,Belgium,2007,6.76208242268326,78,44319.165449,10.699172491122036,Europe & Central Asia
BEL,Belgium,2008,7.2924188751983,79,48303.397956,10.785257188222046,Europe & Central Asia
BEL,Belgium,2009,7.83527143529222,80,44923.340014,10.712712760807706,Europe & Central Asia
BEL,Belgium,2010,7.75576912485543,80.11,44197.393671,10.696421099607727,Europe & Central Asia
BEL,Belgium,2011,7.73650949016938,80.63,47760.829878,10.773961123920548,Europe & Central Asia
BEL,Belgium,2012,7.93611704538098,79.94,44874.170918,10.711617650255006,Europe & Central Asia
BEL,Belgium,2013,8.01494094889025,80.49,46964.594678,10.757149292092215,Europe & Central Asia
BEL,Belgium,2014,8.03200464511518,80.39,47995.778696,10.778868342189408,Europe & Central Asia
BEL,Belgium,2015,7.83279177925712,80.39,40893.804538,10.61873385226839,Europe & Central Asia
BEL,Belgium,2016,7.62379529627864,80.59,41854.54983,10.64195578757102,Europe & Central Asia
BEL,Belgium,2017,7.59188855184811,81.29,44035.323936,10.692747407542694,Europe & Central Asia
BGR,Bulgaria,2007,4.0437132117673,72,5888.870946,8.680819568287736,Europe & Central Asia
BGR,Bulgaria,2008,4.4156874494669,73,7271.674437,8.891741865465697,Europe & Central Asia
BGR,Bulgaria,2009,3.95697462465393,73,6988.630484,8.852039890996274,Europe & Central Asia
BGR,Bulgaria,2010,4.40833868902647,73.32,6854.298784,8.832631294131051,Europe & Central Asia
BGR,Bulgaria,2011,4.13217087288914,73.41,7849.982197,8.968266542875794,Europe & Central Asia
BGR,Bulgaria,2012,4.35260395493726,73.51,7432.337534,8.913595695770242,Europe & Central Asia
BGR,Bulgaria,2013,4.51566131174869,74.16,7796.379452,8.96141473209562,Europe & Central Asia
BGR,Bulgaria,2014,5.4515960081993,74.31,8070.012893,8.995910358908318,Europe & Central Asia
BGR,Bulgaria,2015,5.30585738619697,74.47,7269.025865,8.891377567739413,Europe & Central Asia
BGR,Bulgaria,2016,4.95226196349199,75.41,7822.898864,8.964810463568789,Europe & Central Asia
BGR,Bulgaria,2017,4.85185142731608,74.47,8697.133733,9.07074879438312,Europe & Central Asia
BOL,Bolivia,2007,3.2624957968225,65,1354.549059,7.211223880138351,Latin America & Caribbean
CAN,Canada,2008,7.57120674744922,81,46710.365442,10.751721377100743,North America
CAN,Canada,2009,8.47980123894729,81,40874.961232,10.618272959746506,North America
CAN,Canada,2010,8.34291689074985,80.96,47560.837883,10.769764968038096,North America
CAN,Canada,2011,8.21949389621451,81.22,52224.123777,10.863299808438155,North America
CAN,Canada,2012,8.16215621598281,80.8,52670.142954,10.871804026618426,North America
CAN,Canada,2013,8.1110917772508,80.93,52637.731322,10.871188467084131,North America
CAN,Canada,2014,7.98702490052123,81.24,50960.894209,10.838813837364464,North America
CAN,Canada,2015,8.29087624300344,81.4,43594.237908,10.682680262530084,North America
CAN,Canada,2016,8.39546095229162,81.96,42314.103362,10.652875722277908,North America
CAN,Canada,2017,8.21931374761111,82.14,45129.733528,10.71729658826118,North America
CHE,Switzerland,2007,1.63947063757271,81,66082.123398,11.098653541425556,Europe & Central Asia
CHE,Switzerland,2008,1.73215887624101,82,75147.537671,11.22720862912203,Europe & Central Asia
CHE,Switzerland,2009,1.87051953419663,82,72788.204952,11.195309201168028,Europe & Central Asia
CHE,Switzerland,2010,1.82005641105027,82.16,77956.126204,11.263901462853838,Europe & Central Asia
CHE,Switzerland,2011,1.89172990660606,82.04,91910.396457,11.428569429877832,Europe & Central Asia
CHE,Switzerland,2012,2.02729697602124,82.25,87269.559478,11.376756992338956,Europe & Central Asia
CHE,Switzerland,2013,2.08813416659934,82.7,88851.23745,11.394718760891552,Europe & Central Asia
CHE,Switzerland,2014,2.08157965501424,82.7,90511.648456,11.413233833626304,Europe & Central Asia
CHE,Switzerland,2015,2.11358098319908,82.75,85265.062052,11.353520060501396,Europe & Central Asia
CHE,Switzerland,2016,2.1490048472779,82.85,83432.41116,11.331792135874052,Europe & Central Asia
CHE,Switzerland,2017,2.1025789394125,83.2,83610.248611,11.333921382599796,Europe & Central Asia
CHN,China,2007,0.765596874356706,72,2734.727099,7.913786928890425,East Asia & Pacific
CHN,China,2008,0.973632774206859,73,3523.443021,8.167193921499669,East Asia & Pacific
CHN,China,2009,1.2241230763407,74,3898.244592,8.268281626174865,East Asia & Pacific
CHN,China,2010,1.24942155249262,73.12,4629.245517,8.440149178510048,East Asia & Pacific
CHN,China,2011,0.90175915773448,73.31,5703.76028,8.64888093456302,East Asia & Pacific
CHN,China,2012,0.876369253427879,73.27,6405.057424,8.764843179786352,East Asia & Pacific
CHN,China,2013,0.881586341755873,73.49,7147.035186,8.874452890392414,East Asia & Pacific
CHN,China,2014,0.906263256731316,75.2,7781.065975,8.95944862256826,East Asia & Pacific
CHN,China,2015,2.7814326333447,75.35,8175.332851,9.008876710655246,East Asia & Pacific
CHN,China,2016,3.06549798736544,75.78,8254.868593,9.018558437753876,East Asia & Pacific
CHN,China,2017,3.1692594523296,75.99,8979.676527,9.102719139155251,East Asia & Pacific
CYP,Cyprus,2007,2.61485309653656,79,31244.878906,10.34961076672757,Europe & Central Asia
CYP,Cyprus,2008,2.69021967847824,80,35541.886719,10.47846718749709,Europe & Central Asia
CYP,Cyprus,2009,2.95627961768092,80,32236.462891,10.380853478784164,Europe & Central Asia
CYP,Cyprus,2010,2.95719644417039,79.66,31105.027344,10.345124736035697,Europe & Central Asia
CYP,Cyprus,2011,3.05618362280379,79.77,32485.804688,10.388558494071402,Europe & Central Asia
CYP,Cyprus,2012,2.97764076469713,79.38,28991.929688,10.274772783619014,Europe & Central Asia
CYP,Cyprus,2013,3.08309728773912,79.56,27764.726563,10.231521665365012,Europe & Central Asia
CYP,Cyprus,2014,2.66547692589288,79.64,26993.095703,10.203336397582182,Europe & Central Asia
CYP,Cyprus,2015,2.53901025412394,79.8,23088.429688,10.047086891720582,Europe & Central Asia
CYP,Cyprus,2016,2.49714679415369,80.13,24280.044922,10.097410095336468,Europe & Central Asia
CYP,Cyprus,2017,2.49257838846413,80.31,26247.464844,10.175324685984446,Europe & Central Asia
CZE,Czechia,2007,6.75294408666221,76,18452.653281,9.822963448397404,Europe & Central Asia
CZE,Czechia,2008,6.91667054689412,77,22774.704508,10.033405747642234,Europe & Central Asia
CZE,Czechia,2009,7.78511242540562,77,19817.421584,9.894316707796708,Europe & Central Asia
CZE,Czechia,2010,7.66212937818253,77.21,20160.435508,9.911477324531338,Europe & Central Asia
CZE,Czechia,2011,7.58400675887682,77.08,22049.108079,10.001027430124898,Europe & Central Asia
CZE,Czechia,2012,7.6413187107765,77.42,20014.035402,9.904189076510631,Europe & Central Asia
CZE,Czechia,2013,7.52845219165889,77.87,20260.4955,9.916428234561849,Europe & Central Asia
CZE,Czechia,2014,7.4954242710869,78.08,20038.416318,9.905406526028177,Europe & Central Asia
CZE,Czechia,2015,7.4898969498559,78.28,17931.598767,9.794319729774053,Europe & Central Asia
CZE,Czechia,2016,7.34752830356203,78.28,18753.968672,9.839160671507877,Europe & Central Asia
CZE,Czechia,2017,7.28874158580701,79.47,20913.197632,9.948135704308296,Europe & Central Asia
DEU,Germany,2007,6.24682364232836,79,42350.921721,10.65374546421172,Europe & Central Asia
DEU,Germany,2008,6.36762070989466,80,46379.164795,10.744605602777607,Europe & Central Asia
DEU,Germany,2009,6.99695775731802,80,42471.886863,10.656597650457924,Europe & Central Asia
DEU,Germany,2010,6.85427704257548,80.09,42396.966598,10.654832096160762,Europe & Central Asia
DEU,Germany,2011,6.67415141512696,79.94,47630.976188,10.771238588818978,Europe & Central Asia
DEU,Germany,2012,6.70448296302645,79.99,44718.015921,10.708131740140814,Europe & Central Asia
DEU,Germany,2013,6.91798498925811,80.74,47206.835351,10.762293977847186,Europe & Central Asia
DEU,Germany,2014,6.99270058321637,80.89,48959.59912,10.79875072924419,Europe & Central Asia
DEU,Germany,2015,7.04237356796785,81.04,41929.754911000004,10.643750994953354,Europe & Central Asia
DEU,Germany,2016,7.05091501856945,80.84,42948.938193,10.66776720517433,Europe & Central Asia
DEU,Germany,2017,6.98457871400224,81.09,45553.93415,10.7266522688816,Europe & Central Asia
DNK,Denmark,2007,7.64819200249664,78,58631.656643,10.979030045451958,Europe & Central Asia
DNK,Denmark,2008,7.85032609999,79,64616.665758,11.076227640368549,Europe & Central Asia
DNK,Denmark,2009,8.83315120292796,78,58412.747236,10.975289419586929,Europe & Central Asia
DNK,Denmark,2010,8.54080984237375,78.7,58104.544559,10.96999915938514,Europe & Central Asia
DNK,Denmark,2011,8.44194203833096,78.6,61809.737898,11.0318162021978,Europe & Central Asia
DNK,Denmark,2012,8.66325257351271,79.1,58443.77471,10.975820454983367,Europe & Central Asia
DNK,Denmark,2013,8.48670872865471,79.8,61377.594059,11.02480012993074,Europe & Central Asia
DNK,Denmark,2014,8.56351331288486,80.05,62520.450975,11.043248997801143,Europe & Central Asia
DNK,Denmark,2015,8.54996980601968,80.3,53094.013361,10.879819458143396,Europe & Central Asia
DNK,Denmark,2016,8.46149051092042,80.55,54500.926041,10.905972972084962,Europe & Central Asia
DNK,Denmark,2017,8.33603932062136,81.1,57521.551499,10.959914965240475,Europe & Central Asia
EGY,"Egypt, Arab Rep.",2007,1.33233033105348,68,1547.741707,7.3445521842845185,Middle East & North Africa
EGY,"Egypt, Arab Rep.",2008,1.39783865738339,68,1896.215943,7.547615570316881,Middle East & North Africa
EGY,"Egypt, Arab Rep.",2009,1.44025449118549,68,2161.639646,7.678622308081411,Middle East & North Africa
EGY,"Egypt, Arab Rep.",2010,1.36689958417964,70.14,2455.081946,7.805915418897616,Middle East & North Africa
EGY,"Egypt, Arab Rep.",2011,1.40655506307914,70.34,2590.643849,7.859661714147613,Middle East & North Africa
EGY,"Egypt, Arab Rep.",2012,1.34304651579387,72.98,2996.067707,8.00505594351393,Middle East & North Africa
EGY,"Egypt, Arab Rep.",2013,1.71771930767577,73.2,3025.525636,8.014840119336675,Middle East & North Africa
EGY,"Egypt, Arab Rep.",2014,1.77141079812207,70.91,3133.391023,8.04987109101624,Middle East & North Africa
EGY,"Egypt, Arab Rep.",2015,1.63785343099145,71.13,3306.981594,8.103791147196723,Middle East & North Africa
ESP,Spain,2007,5.61969393950382,80,32652.015595,10.39366186618353,Europe & Central Asia
ESP,Spain,2008,5.98166268754377,81,35603.248328,10.480192157846076,Europe & Central Asia
ESP,Spain,2009,6.71864347816329,81,32279.820848,10.382197572430442,Europe & Central Asia
ESP,Spain,2010,6.51136515121995,81.09,30658.742228,10.330673128361893,Europe & Central Asia
ESP,Spain,2011,6.39681959233401,81.53,31824.621913,10.367995543166506,Europe & Central Asia
ESP,Spain,2012,6.15165880454348,81.63,28456.443815,10.256129910041668,Europe & Central Asia
ESP,Spain,2013,6.07753481267825,82.33,29228.84656,10.282911396498776,Europe & Central Asia
ESP,Spain,2014,6.02455142706622,82.38,29707.765509,10.299163755564283,Europe & Central Asia
ESP,Spain,2015,6.05514186173351,82.43,25982.44162,10.165176266563105,Europe & Central Asia
ESP,Spain,2016,5.96121749430197,83.08,26755.606115,10.19449930475903,Europe & Central Asia
ESP,Spain,2017,5.85096499588814,83.38,28381.34256,10.253487256149024,Europe & Central Asia
EST,Estonia,2007,4.40307861891361,72,16745.430801,9.725880712039798,Europe & Central Asia
EST,Estonia,2008,5.24943859167744,73,18205.906411,9.809501348493963,Europe & Central Asia
EST,Estonia,2009,5.92674777499303,73,14712.449422,9.596449313805614,Europe & Central Asia
EST,Estonia,2010,5.67164300599114,73.97,14663.704102,9.593130610783492,Europe & Central Asia
EST,Estonia,2011,5.21447437739893,74.82,17555.545524,9.773125163255,Europe & Central Asia
EST,Estonia,2012,5.1889358728249,75.43,17568.213797,9.773846513918723,Europe & Central Asia
EST,Estonia,2013,5.16510003793724,76.13,19310.38749,9.868398442025988,Europe & Central Asia
EST,Estonia,2014,5.22253724175791,76.43,20581.789899,9.932161978346656,Europe & Central Asia
EST,Estonia,2015,5.57472815287691,76.42,17722.155767,9.782570874039337,Europe & Central Asia
EST,Estonia,2016,5.29497551935737,77.24,18666.373652,9.834478983711689,Europe & Central Asia
EST,Estonia,2017,5.14103189940176,77.13,20851.52235,9.945182238950016,Europe & Central Asia
FIN,Finland,2007,6.46542507697571,79,48473.024009,10.788762716185635,Europe & Central Asia
FIN,Finland,2008,6.70012611638741,79,53769.472624,10.8924611617586,Europe & Central Asia
FIN,Finland,2009,7.40755005584686,79,47478.349531,10.768029086767266,Europe & Central Asia
FIN,Finland,2010,7.32953126079631,79.79,46506.291902,10.747342892142344,Europe & Central Asia
FIN,Finland,2011,7.36371074455298,79.72,51060.324259,10.840763041323685,Europe & Central Asia
FIN,Finland,2012,7.71201321149838,79.87,47551.674084,10.769572274167672,Europe & Central Asia
FIN,Finland,2013,7.82934695895185,80.47,49691.01452,10.813579401373252,Europe & Central Asia
FIN,Finland,2014,7.81016641130611,80.63,50073.776082,10.821252718537862,Europe & Central Asia
FIN,Finland,2015,7.28812356600516,80.83,42560.345677,10.658678246092505,Europe & Central Asia
FIN,Finland,2016,7.17917597624105,81.13,43451.256244,10.679395042680646,Europe & Central Asia
FIN,Finland,2017,7.01190007998197,81.39,46085.017474,10.73824317559662,Europe & Central Asia
FRA,France,2007,7.46291259735443,80,41486.190783,10.63311589862762,Europe & Central Asia
FRA,France,2008,7.44908099860468,81,45464.818139,10.724694078130018,Europe & Central Asia
FRA,France,2009,7.95560058706212,81,41728.088416,10.638929764149111,Europe & Central Asia
FRA,France,2010,7.9786436952241,81.52,40694.82117,10.61385611935414,Europe & Central Asia
FRA,France,2011,7.93234837874064,81.07,43929.784087,10.6903478220249,Europe & Central Asia
FRA,France,2012,8.00443698882231,81.37,40863.581441,10.61799451604782,Europe & Central Asia
FRA,France,2013,8.05983402528824,81.67,42669.179511,10.661232147288477,Europe & Central Asia
FRA,France,2014,8.18903461541145,82.57,43148.045929,10.672392409947337,Europe & Central Asia
FRA,France,2015,8.07875795112153,81.97,36702.432373,10.510598309039889,Europe & Central Asia
FRA,France,2016,8.12517987994426,82.37,37024.215713,10.519327456278289,Europe & Central Asia
FRA,France,2017,8.11163995782769,82.67,38687.162641,10.56326310928554,Europe & Central Asia
GBR,United Kingdom,2007,6.52243860531633,79,50629.079917,10.83228139211465,Europe & Central Asia
GBR,United Kingdom,2008,6.8570532128514,79,47652.403069,10.77168833947913,Europe & Central Asia
GBR,United Kingdom,2009,7.69898282672672,80,39009.371555,10.571557192527308,Europe & Central Asia
GBR,United Kingdom,2010,7.58663220919671,79.9,39778.322053,10.591077370849655,Europe & Central Asia
GBR,United Kingdom,2011,7.37301439320578,80.05,42295.927384,10.652446081061155,Europe & Central Asia
GBR,United Kingdom,2012,7.3291066484217,80.4,42688.326373,10.661680774790485,Europe & Central Asia
GBR,United Kingdom,2013,7.34399147618029,80.75,43607.663683,10.682988186436813,Europe & Central Asia
GBR,United Kingdom,2014,7.4702794180339,81.5,47746.981065,10.773671120140536,Europe & Central Asia
GBR,United Kingdom,2015,7.5413877004943,80.96,45256.040227,10.72009142589921,Europe & Central Asia
GBR,United Kingdom,2016,7.5677643355116,81.06,41258.537429,10.627613338323668,Europe & Central Asia
GBR,United Kingdom,2017,7.41245302480405,81.6,40918.052087,10.619326615975517,Europe & Central Asia
GEO,Georgia,2007,1.4378276896307,74,2635.366503,7.876777541625882,Europe & Central Asia
GEO,Georgia,2008,1.5960837306545,70,3324.753721,8.10915088147454,Europe & Central Asia
GEO,Georgia,2009,1.96745426128528,72,2822.689397,7.945445396341185,Europe & Central Asia
GEO,Georgia,2010,2.05339819567341,71.55,3281.729309,8.096125790795812,Europe & Central Asia
GEO,Georgia,2011,1.52762278790201,71.68,4119.668183,8.323527900993408,Europe & Central Asia
GEO,Georgia,2012,1.49120752142132,73.33,4530.695334,8.41863070206211,Europe & Central Asia
GEO,Georgia,2013,1.82306602021496,73.33,4712.002294,8.457868212173409,Europe & Central Asia
GEO,Georgia,2014,2.21988255049689,73.94,4830.334862,8.482671073850057,Europe & Central Asia
GEO,Georgia,2015,2.67163271956407,74.08,4086.622347,8.315474075820383,Europe & Central Asia
GEO,Georgia,2016,2.90999742102607,74.67,4143.401257,8.329272289185782,Europe & Central Asia
GEO,Georgia,2017,2.79343616039249,74.82,4418.752065,8.393612596971506,Europe & Central Asia
GRC,Greece,2007,6.01174242977706,79,28440.762533,10.255578695547896,Europe & Central Asia
GRC,Greece,2008,6.45852066858851,80,31695.833109,10.363940503559755,Europe & Central Asia
GRC,Greece,2009,6.81333466928131,80,29425.45732,10.289615473893855,Europe & Central Asia
GRC,Greece,2010,6.91893773089897,79.96,26653.048801,10.190658824589097,Europe & Central Asia
GRC,Greece,2011,6.60524268081661,80.19,25504.786651,10.146621425334782,Europe & Central Asia
GRC,Greece,2012,6.02609822879851,80.39,21624.346053,9.981575091019131,Europe & Central Asia
GRC,Greece,2013,5.39735519033335,80.74,21573.344976,9.979213802742734,Europe & Central Asia
GRC,Greece,2014,4.7907874246767,80.63,21474.725712,9.974631974337829,Europe & Central Asia
GRC,Greece,2015,4.97990291939225,80.63,17980.729824,9.797055898080576,Europe & Central Asia
GRC,Greece,2016,5.33312855097763,81.29,17919.242638,9.79363042213133,Europe & Central Asia
GRC,Greece,2017,5.47473932100796,81.59,18631.993013,9.832635436564107,Europe & Central Asia
GTM,Guatemala,2014,2.20155355111829,71.66,3689.145104,8.213150031060026,Latin America & Caribbean
GTM,Guatemala,2015,1.95190779740579,71.99,3893.505333,8.267065144734865,Latin America & Caribbean
GTM,Guatemala,2016,2.15490640318424,71.72,4060.137847,8.30897220448246,Latin America & Caribbean
GTM,Guatemala,2017,2.04629684445431,71.96,4324.997689,8.372166885030577,Latin America & Caribbean
HKG,"Hong Kong SAR, China",2007,2.14834899888294,82,30593.951174,10.328557594348094,East Asia & Pacific
HKG,"Hong Kong SAR, China",2008,2.27691204857662,81.9,31515.52921,10.358235694127336,East Asia & Pacific
HKG,"Hong Kong SAR, China",2009,2.45280232877001,82.28,30697.538386,10.33193774749402,East Asia & Pacific
HKG,"Hong Kong SAR, China",2010,2.41413204288388,82.34,32550.136489,10.390536840838369,East Asia & Pacific
HKG,"Hong Kong SAR, China",2011,2.5084908732805,82.72,35142.487934,10.46716615986091,East Asia & Pacific
HKG,"Hong Kong SAR, China",2012,3.10707740914721,82.88,36730.796196,10.511370815573054,East Asia & Pacific
HKG,"Hong Kong SAR, China",2013,3.33600679042513,83.42,38403.777715,10.555911111731811,East Asia & Pacific
HKG,"Hong Kong SAR, China",2014,2.81517076289654,83.48,40315.373951,10.60448816280474,East Asia & Pacific
HKG,"Hong Kong SAR, China",2015,3.22731290758377,83.83,42432.161974,10.655661890798807,East Asia & Pacific
HKG,"Hong Kong SAR, China",2016,2.82663039157664,83.98,43734.19807,10.685885639570609,East Asia & Pacific
HKG,"Hong Kong SAR, China",2017,2.89516023207905,84.28,46160.429791,10.739878212035515,East Asia & Pacific
HRV,Croatia,2007,6.38357091698819,75,13755.814905,9.529216915878612,Europe & Central Asia
HRV,Croatia,2008,5.87800386349002,76,15888.118439,9.673326840877008,Europe & Central Asia
HRV,Croatia,2009,6.41891509433962,76,14474.525139,9.580145496307226,Europe & Central Asia
HRV,Croatia,2010,6.50416610337524,75.91,13729.747287,9.527320092693136,Europe & Central Asia
HRV,Croatia,2011,6.3477169405451,76.14,14691.591758,9.595030619866868,Europe & Central Asia
HRV,Croatia,2012,6.54468166051248,76.48,13507.634988,9.51101035922742,Europe & Central Asia
HRV,Croatia,2013,6.45839220842898,76.88,14135.090349,9.55641566197143,Europe & Central Asia
HRV,Croatia,2014,6.50418267083519,76.92,14186.771223,9.560065205362552,Europe & Central Asia
HRV,Croatia,2015,6.82802984165652,77.13,12283.87503,9.416042708112675,Europe & Central Asia
HRV,Croatia,2016,6.59301110248284,77.33,12820.187275,9.458776338402286,Europe & Central Asia
HRV,Croatia,2017,6.73920491014121,77.28,13901.649866,9.539762807470725,Europe & Central Asia
HUN,Hungary,2007,4.92976469722629,73,13934.60546,9.542130626633996,Europe & Central Asia
HUN,Hungary,2008,4.89041738948161,73,15762.632252,9.665397370531394,Europe & Central Asia
HUN,Hungary,2009,5.22110665238453,73,13051.183178,9.47663407362186,Europe & Central Asia
HUN,Hungary,2010,4.97015600420199,74.01,13189.843387,9.487202372024491,Europe & Central Asia
HUN,Hungary,2011,5.07291244206625,73.9,14211.460558,9.561803999623468,Europe & Central Asia
HUN,Hungary,2012,5.08586325080317,74.21,12950.159449,9.468863379715977,Europe & Central Asia
HUN,Hungary,2013,5.00905330384062,74.86,13739.462015,9.528027410351845,Europe & Central Asia
HUN,Hungary,2014,4.79181539405305,75.06,14352.501883,9.57167955323844,Europe & Central Asia
HUN,Hungary,2015,5.14574871887667,75.27,12782.941258,9.455866846835551,Europe & Central Asia
HUN,Hungary,2016,4.71575869482156,75.87,13215.860528,9.489172942436308,Europe & Central Asia
HUN,Hungary,2017,4.68344590903516,75.96,14736.166816,9.598060078735031,Europe & Central Asia
IDN,Indonesia,2008,1.14392444218916,68,2124.554839,7.661317571883528,East Asia & Pacific
IDN,Indonesia,2009,1.03071427086149,68,2218.485419,7.704579998338497,East Asia & Pacific
IDN,Indonesia,2010,0.818570956906415,70.79,3065.683484,8.028025819921401,East Asia & Pacific
IDN,Indonesia,2011,0.779141149728681,71.18,3579.464425,8.18296846624795,East Asia & Pacific
IDN,Indonesia,2012,0.804656194975118,68.89,3632.27254,8.197613775452188,East Asia & Pacific
IDN,Indonesia,2013,0.832287709349146,69.32,3566.602845,8.179368837696556,East Asia & Pacific
IDN,Indonesia,2014,0.816016108298138,70.61,3441.068085,8.143537192001034,East Asia & Pacific
IDN,Indonesia,2015,0.855433426243356,70.82,3288.222697,8.098102484113626,East Asia & Pacific
IDN,Indonesia,2016,1.53264472143598,68.89,3521.469435,8.166633634607829,East Asia & Pacific
IDN,Indonesia,2017,1.38718440983189,69.07,3798.883262,8.2424624241027,East Asia & Pacific
IRL,Ireland,2007,6.23123915360024,78,61396.417461,11.025106764892234,Europe & Central Asia
IRL,Ireland,2008,6.92033393313862,80,61353.106563,11.02440108558078,Europe & Central Asia
IRL,Ireland,2009,7.87821908919302,80,52133.090616,10.861555162711076,Europe & Central Asia
IRL,Ireland,2010,7.47037612311222,79.86,48623.966642,10.791871829116523,Europe & Central Asia
IRL,Ireland,2011,7.96151236148617,79.5,52613.854036,10.870734748760963,Europe & Central Asia
IRL,Ireland,2012,7.70529451714711,80.29,49335.84081,10.806406090016212,Europe & Central Asia
IRL,Ireland,2013,7.32462169171989,80.5,52537.610865,10.86928458951814,Europe & Central Asia
IRL,Ireland,2014,6.72688531802672,80.9,57214.537979,10.954563305546616,Europe & Central Asia
IRL,Ireland,2015,5.18458371124866,81.04,64250.138518,11.070539158677322,Europe & Central Asia
IRL,Ireland,2016,5.23053851144684,81.15,64129.557154,11.068660646676996,Europe & Central Asia
IRL,Ireland,2017,4.96532665168208,81.5,72161.404753,11.186660621744917,Europe & Central Asia
ISL,Iceland,2007,7.4740880475245,81,70483.011723,11.163126991294709,Europe & Central Asia
ISL,Iceland,2008,7.4094726928083,81,57489.33998,10.959354817946112,Europe & Central Asia
ISL,Iceland,2009,7.71355650711772,82,41483.784368,10.633057891740275,Europe & Central Asia
ISL,Iceland,2010,7.22990476663486,81.58,43776.46774,10.686851685775286,Europe & Central Asia
ISL,Iceland,2011,7.03833076487321,81.46,48254.953927,10.784253773558891,Europe & Central Asia
ISL,Iceland,2012,7.10831306146206,81.45,46594.986915,10.749248237395594,Europe & Central Asia
ISL,Iceland,2013,7.08508174259045,82.36,50173.336006,10.823239009307931,Europe & Central Asia
ISL,Iceland,2014,7.2315444244929,82.92,55140.364936,10.917637302909167,Europe & Central Asia
ISL,Iceland,2015,7.13632000065556,83.12,53505.696408,10.887543402131934,Europe & Central Asia
ISL,Iceland,2016,7.29916449450912,82.06,62854.090641,11.048571297676062,Europe & Central Asia
ISL,Iceland,2017,7.53953694555075,82.86,72976.372999,11.197891010194176,Europe & Central Asia
ISR,Israel,2007,4.67449492329768,80,25688.90161,10.15381433364298,Middle East & North Africa
ISR,Israel,2008,4.76475198091466,81,30231.019101,10.316623798783183,Middle East & North Africa
ISR,Israel,2009,4.82444377967073,81,28469.681735,10.25659500124929,Middle East & North Africa
ISR,Israel,2010,4.90252650519099,81,31398.926693,10.354528989560544,Middle East & North Africa
ISR,Israel,2011,4.85368044532462,81.55,34476.725207,10.44803974367194,Middle East & North Africa
ISR,Israel,2012,4.90841299613736,81.5,33268.706667,10.4123724944066,Middle East & North Africa
ISR,Israel,2013,4.97339785805816,81.76,36980.622214,10.518149330489129,Middle East & North Africa
ISR,Israel,2014,5.05902917083637,81.7,38265.365195,10.552300463037495,Middle East & North Africa
ISR,Israel,2015,5.02559251564716,82.06,36138.135614,10.495103974935054,Middle East & North Africa
ISR,Israel,2016,5.11571158913211,82.15,37571.25612,10.533994572132077,Middle East & North Africa
ISR,Israel,2017,5.1898314203605604,82.05,41013.257532,10.62165064785769,Middle East & North Africa
ITA,Italy,2007,6.65191272937152,81,37826.175455,10.540756614313825,Europe & Central Asia
ITA,Italy,2008,6.98386219534008,81,40828.579558,10.617137594533837,Europe & Central Asia
ITA,Italy,2009,7.38851138937497,82,37099.613396,10.52136182794824,Europe & Central Asia
ITA,Italy,2010,7.35581701220809,81.95,35856.862549,10.487290251669489,Europe & Central Asia
ITA,Italy,2011,7.07521953562348,81.44,38432.374282,10.556655463643695,Europe & Central Asia
ITA,Italy,2012,7.0749629952618,81.74,34854.394944,10.458934518538726,Europe & Central Asia
ITA,Italy,2013,7.0806569203497,82.09,35701.6746,10.48295287423063,Europe & Central Asia
ITA,Italy,2014,7.08784494620908,82.94,36028.349402,10.492061390924777,Europe & Central Asia
ITA,Italy,2015,6.99828471350868,82.29,30639.882975,10.330057804493448,Europe & Central Asia
ITA,Italy,2016,6.87395299075113,82.69,31391.56929,10.354294641896349,Europe & Central Asia
ITA,Italy,2017,6.78638046333206,83.49,32844.115661,10.39952788034848,Europe & Central Asia
JPN,Japan,2007,6.0776584853519,82,36129.953513,10.494877537481573,East Asia & Pacific
JPN,Japan,2008,6.30460392274846,83,40294.208131,10.603963018772486,East Asia & Pacific
JPN,Japan,2009,7.03564322347993,83,41678.178306,10.63773296880222,East Asia & Pacific
JPN,Japan,2010,7.13088386736629,82.59,45378.137811,10.722785722035708,East Asia & Pacific
JPN,Japan,2011,7.48462656473327,82.93,49122.077634,10.802063859035648,East Asia & Pacific
JPN,Japan,2012,7.59533051227775,82.93,49626.683033,10.81228393243706,East Asia & Pacific
JPN,Japan,2013,7.63120782637174,82.59,41369.194848,10.630291797047066,East Asia & Pacific
JPN,Japan,2014,7.62387312067918,83.1,39172.847116,10.575739110155718,East Asia & Pacific
JPN,Japan,2015,7.59615963648286,83.33,35664.644611,10.481915130019283,East Asia & Pacific
JPN,Japan,2016,7.49042094214062,83.59,40214.968863,10.601994565074536,East Asia & Pacific
JPN,Japan,2017,7.52475712970982,83.84,39679.863526,10.588599122027976,East Asia & Pacific
KAZ,Kazakhstan,2010,2.52701704039876,66.44,8793.0759,9.081719861208006,Europe & Central Asia
KAZ,Kazakhstan,2011,2.21757183083909,68.43,11287.146493,9.331419878785196,Europe & Central Asia
KAZ,Kazakhstan,2012,2.35635150262791,68.3,12018.796653,9.394227091014423,Europe & Central Asia
KAZ,Kazakhstan,2013,2.20864950029515,68.89,13478.459628,9.508848107016998,Europe & Central Asia
KAZ,Kazakhstan,2014,2.15804332235116,69.61,12427.709458,9.427683892222287,Europe & Central Asia
KAZ,Kazakhstan,2015,2.11304266767741,70.45,10196.122626,9.2297627922969685,Europe & Central Asia
KAZ,Kazakhstan,2016,3.77539312571547,71.62,7475.566887,8.919395233109105,Europe & Central Asia
KAZ,Kazakhstan,2017,2.55176563896889,72,8943.084168,9.098635793908736,Europe & Central Asia
KGZ,Kyrgyz Republic,2014,3.73766515096308,70,1264.526688,7.142453171462626,Europe & Central Asia
KGZ,Kyrgyz Republic,2015,3.53548774952415,70.2,1105.651938,7.008190429116958,Europe & Central Asia
KGZ,Kyrgyz Republic,2016,3.37290523904376,70.4,1103.274894,7.0060382121371,Europe & Central Asia
KGZ,Kyrgyz Republic,2017,3.33303485925848,70.65,1221.390468,7.107745216599421,Europe & Central Asia
KOR,"Korea, Rep.",2009,0.398392651996046,79,19937.302914,9.90034777428712,East Asia & Pacific
KOR,"Korea, Rep.",2010,0.362605817728748,79.83,24071.262053,10.088773962015788,East Asia & Pacific
LTU,Lithuania,2007,4.57875379593469,72,12295.121278,9.416957818611404,Europe & Central Asia
LTU,Lithuania,2008,4.9585609308022,71,14955.534546,9.612836714056153,Europe & Central Asia
LTU,Lithuania,2009,5.5318045439843,71,11854.371105,9.380451948167858,Europe & Central Asia
LTU,Lithuania,2010,5.38162724415797,71.82,11829.122609,9.37831978761164,Europe & Central Asia
LTU,Lithuania,2011,5.18022684020283,72.91,14261.843379,9.565342954828328,Europe & Central Asia
LTU,Lithuania,2012,4.6657487833057,73.27,14288.185349,9.567188275386563,Europe & Central Asia
LTU,Lithuania,2013,4.5187844610098296,73.56,15636.525259,9.657364819275196,Europe & Central Asia
LTU,Lithuania,2014,4.432632280456,73.86,16446.164718,9.707847581168387,Europe & Central Asia
LTU,Lithuania,2015,4.71206348854425,74.16,14269.803988,9.565900974427,Europe & Central Asia
LTU,Lithuania,2016,4.75416960852162,73.97,14934.270284,9.611413869998898,Europe & Central Asia
LTU,Lithuania,2017,4.57972229687004,75.12,16800.151025,9.729143154934278,Europe & Central Asia
LUX,Luxembourg,2007,4.70037909882339,79,107475.320298,11.585016521569392,Europe & Central Asia
LUX,Luxembourg,2008,4.73703311205311,80,120422.137934,11.698758664838584,Europe & Central Asia
LUX,Luxembourg,2009,5.28132402236067,80,109419.746953,11.60294665499405,Europe & Central Asia
LUX,Luxembourg,2010,4.9755157100845,80.52,110885.991379,11.616257847767294,Europe & Central Asia
LUX,Luxembourg,2011,4.92361371194448,80.09,119025.057203,11.687089314659117,Europe & Central Asia
LUX,Luxembourg,2012,5.03480182176532,80.09,112584.676271,11.631460895471054,Europe & Central Asia
LUX,Luxembourg,2013,5.21274727871203,80.99,120000.14073,11.695248194513496,Europe & Central Asia
LUX,Luxembourg,2014,5.06239078764194,81.39,123678.706919,11.725442408713231,Europe & Central Asia
LUX,Luxembourg,2015,4.90853765526158,81.8,105462.012584,11.566106096763546,Europe & Central Asia
LUX,Luxembourg,2016,4.76746411994001,82.21,106899.29355,11.579642488478672,Europe & Central Asia
LUX,Luxembourg,2017,4.98880671425231,82.23,110193.213797,11.609990593015302,Europe & Central Asia
LVA,Latvia,2007,4.01133087548056,71,13370.978945,9.500841886936888,Europe & Central Asia
LVA,Latvia,2008,4.30205855137511,71,15677.608086,9.659988736732432,Europe & Central Asia
LVA,Latvia,2009,4.51119820810957,71,11996.032273,9.39233123017872,Europe & Central Asia
LVA,Latvia,2010,4.0627365942752,72.24,11188.41917,9.322634519655054,Europe & Central Asia
LVA,Latvia,2011,4.25140549341693,73.08,12902.574053,9.465182109436755,Europe & Central Asia
LVA,Latvia,2012,3.89000783883971,73.48,13329.349993,9.497723649268137,Europe & Central Asia
LVA,Latvia,2013,3.6708806584838,73.58,14484.471528,9.580832425450904,Europe & Central Asia
LVA,Latvia,2014,3.8021609412941,73.78,15185.814581,9.628117019834288,Europe & Central Asia
LVA,Latvia,2015,3.72458608407918,73.98,13321.975314,9.497170229946336,Europe & Central Asia
LVA,Latvia,2016,3.68627982015892,74.19,13838.526682,9.535211769892356,Europe & Central Asia
LVA,Latvia,2017,3.50945305361289,74.12,15132.495833,9.624599752398218,Europe & Central Asia
MDA,Moldova,2010,4.63446248487235,68.44,2436.799351,7.798440715807966,Europe & Central Asia
MDA,Moldova,2011,4.31252269183755,68.62,2941.362241,7.986628100299436,Europe & Central Asia
MDA,Moldova,2012,4.50302590090387,68.9,3044.808432,8.021193265849664,Europe & Central Asia
MDA,Moldova,2013,4.37277208231819,69.21,3321.043978,8.108034463685936,Europe & Central Asia
MDA,Moldova,2014,4.41281681166171,68.69,3289.957586,8.098629951883005,Europe & Central Asia
MDA,Moldova,2015,4.42932326920184,68.81,2749.551371,7.919193039534014,Europe & Central Asia
MDA,Moldova,2016,4.0453425695407,71.46,2847.087948,7.954051978265606,Europe & Central Asia
MDA,Moldova,2017,4.12977205438868,71.63,3453.267277,8.147076098680563,Europe & Central Asia
MLT,Malta,2007,5.46227198781628,79,19444.174364,9.87530278562154,Middle East & North Africa
MLT,Malta,2008,5.17442755435828,79,22405.642627,10.017068109111973,Middle East & North Africa
MLT,Malta,2009,5.00962196033526,80,21261.54287,9.96465522075852,Middle East & North Africa
MLT,Malta,2010,5.05269677494571,79.64,21946.607307,9.996367841955612,Middle East & North Africa
MLT,Malta,2011,5.26649414173587,79.9,23516.972446,10.065477671193094,Middle East & North Africa
MLT,Malta,2012,5.2812353766963,80.95,22878.309586,10.037944561033576,Middle East & North Africa
MLT,Malta,2013,5.34697517651979,82,25415.552539,10.14311657030964,Middle East & North Africa
MLT,Malta,2014,5.40976700005588,80.75,27424.569362,10.219194582631816,Middle East & North Africa
MLT,Malta,2015,5.27174359676757,80.75,25529.669321,10.147596557586036,Middle East & North Africa
MLT,Malta,2016,5.13788279042368,81.75,26459.064429,10.183354079107332,Middle East & North Africa
MLT,Malta,2017,4.86387676795073,81.95,30317.261177,10.319472505102375,Middle East & North Africa
MMR,Myanmar,2013,0.888261634485145,65.15,1199.095616,7.0893228983033145,East Asia & Pacific
MMR,Myanmar,2014,1.07338663269089,64.93,1293.000423,7.164720705917976,East Asia & Pacific
MMR,Myanmar,2015,1.08988559082745,65.1,1166.733055,7.061962861476122,East Asia & Pacific
MNG,Mongolia,2010,2.53684989454767,66.57,2625.218814,7.872919529265949,East Asia & Pacific
MNG,Mongolia,2011,2.49612652445334,66.92,3736.042015,8.225782045270508,East Asia & Pacific
MNG,Mongolia,2012,2.61132950800464,68.19,4328.890019,8.373066441482846,East Asia & Pacific
MNG,Mongolia,2016,2.01970817183445,69.46,3619.900264,8.194201753059055,East Asia & Pacific
MNG,Mongolia,2017,1.95939768083337,69.82,3645.967087,8.20137692804482,East Asia & Pacific
MUS,Mauritius,2007,1.76684693442775,72,6677.375386,8.806480283035366,Sub-Saharan Africa
MUS,Mauritius,2008,1.69785444657289,73,8140.479836,9.004604405170774,Sub-Saharan Africa
MUS,Mauritius,2009,2.07089157390559,73,7426.861373,8.912858622219751,Sub-Saharan Africa
MUS,Mauritius,2010,2.60218271742545,72.57,8113.176707,9.001244772880167,Sub-Saharan Africa
MUS,Mauritius,2011,2.30382750516312,72.64,9324.242323,9.140372988985677,Sub-Saharan Africa
MUS,Mauritius,2012,2.27923329020506,72.97,9421.525141,9.150752259030035,Sub-Saharan Africa
MUS,Mauritius,2013,2.39919424712051,73.27,9877.13866,9.197978139485295,Sub-Saharan Africa
MUS,Mauritius,2014,2.45574508368906,73.57,10490.331556,9.258209307754536,Sub-Saharan Africa
MUS,Mauritius,2015,1.10439591766919,74.46,9630.543784,9.172694970903018,Sub-Saharan Africa
MUS,Mauritius,2016,2.25235512264868,74.19,10095.122557,9.219807671039762,Sub-Saharan Africa
MUS,Mauritius,2017,2.4381435559287,74.35,10986.703409,9.304441039615485,Sub-Saharan Africa
NLD,Netherlands,2007,6.71802574414135,79,52100.799629,10.86093557558913,Europe & Central Asia
NLD,Netherlands,2008,6.5507000948705,80,58246.702691,10.972442763662668,Europe & Central Asia
NLD,Netherlands,2009,7.41467442969583,80,53172.026158,10.88128771293802,Europe & Central Asia
NLD,Netherlands,2010,7.75578977670072,80.4,51305.733853,10.845557795926592,Europe & Central Asia
NLD,Netherlands,2011,7.88057057717353,80.55,54701.772803,10.909651397446137,Europe & Central Asia
NLD,Netherlands,2012,8.12951976060009,80.7,50473.9442,10.829212525676484,Europe & Central Asia
NLD,Netherlands,2013,8.03269827378672,81.2,52602.286052,10.870514858846036,Europe & Central Asia
NLD,Netherlands,2014,7.96265411876824,81.1,53457.223486,10.88663705205536,Europe & Central Asia
NLD,Netherlands,2015,7.71976556793544,81.1,45793.813543,10.731904285498413,Europe & Central Asia
NLD,Netherlands,2016,7.24965659001295,81.3,46808.529149,10.753820712074315,Europe & Central Asia
NLD,Netherlands,2017,7.28744719879265,81.71,49513.681735,10.810004309052571,Europe & Central Asia
NOR,Norway,2007,6.84741887674383,80,86600.238761,11.369057851602154,Europe & Central Asia
NOR,Norway,2008,6.53451420852493,80,99001.530068,11.50289058422962,Europe & Central Asia
NOR,Norway,2009,7.43288552091394,81,81939.726548,11.313739213872935,Europe & Central Asia
NOR,Norway,2010,7.31245041455067,80.74,90020.342258,11.40779094886147,Europe & Central Asia
NOR,Norway,2011,7.09775940957939,80.8,103545.218988,11.547763694710012,Europe & Central Asia
NOR,Norway,2012,7.08817019171106,81,104627.936947,11.558165878575805,Europe & Central Asia
NOR,Norway,2013,7.3234455164246,81.3,106333.138369,11.574332259576815,Europe & Central Asia
NOR,Norway,2014,7.6808389712494,81.45,100410.020201,11.517017284058603,Europe & Central Asia
NOR,Norway,2015,8.18578338710548,81.45,77220.952431,11.254426103735948,Europe & Central Asia
NOR,Norway,2016,8.56248405425485,81.75,73222.400686,11.201256673435289,Europe & Central Asia
NOR,Norway,2017,8.34012668280219,82.1,78771.215126,11.274302918832037,Europe & Central Asia
NZL,New Zealand,2009,7.00259022801303,81,28276.725542,10.24979432624868,East Asia & Pacific
NZL,New Zealand,2010,6.8380878186266,80.15,33761.900964,10.427088255300005,East Asia & Pacific
NZL,New Zealand,2011,6.70826007213168,80.3,38425.829998,10.556485168641954,East Asia & Pacific
NZL,New Zealand,2012,6.96034101907465,80.7,40041.752482,10.597678000753072,East Asia & Pacific
NZL,New Zealand,2013,6.94773118897186,80.9,42984.95718,10.668605500446596,East Asia & Pacific
NZL,New Zealand,2014,6.78994404595869,81.16,44599.899273,10.70548687955269,East Asia & Pacific
NZL,New Zealand,2015,6.67173088004451,81.41,38648.730256,10.562269201108515,East Asia & Pacific
NZL,New Zealand,2016,6.52150146592383,81.4,40088.320547,10.598840312691207,East Asia & Pacific
NZL,New Zealand,2017,6.23738733547749,81.46,42912.1537,10.666910367823686,East Asia & Pacific
POL,Poland,2007,4.48460098924799,75,11272.529368,9.330124015570178,Europe & Central Asia
POL,Poland,2008,4.9619204169852,75,14048.560467,9.550275211647955,Europe & Central Asia
POL,Poland,2009,5.00348208067713,75,11556.302687,9.354986254302975,Europe & Central Asia
POL,Poland,2010,5.01265957983037,75.53,12567.731768,9.43888783725067,Europe & Central Asia
POL,Poland,2011,4.70913225244857,75.7,13867.666941,9.537315290147898,Europe & Central Asia
POL,Poland,2012,4.65673701511596,76.25,13087.420943,9.479406814511073,Europe & Central Asia
POL,Poland,2013,4.71172167059479,76.75,13621.902379,9.51943424535362,Europe & Central Asia
POL,Poland,2014,4.69127000680896,76.8,14262.284191,9.565373862837625,Europe & Central Asia
POL,Poland,2015,4.67513119202505,76.85,12637.522032,9.444425606709997,Europe & Central Asia
POL,Poland,2016,4.65128637421582,77.25,12464.012104,9.430600739226874,Europe & Central Asia
POL,Poland,2017,4.69939676032911,78.2,13913.341519,9.540603480295443,Europe & Central Asia
PRT,Portugal,2007,7.11958339079366,78,22811.056484,10.03500063090905,Europe & Central Asia
PRT,Portugal,2008,7.30170382595917,79,24949.041357,10.124590677876368,Europe & Central Asia
PRT,Portugal,2009,8.03183966835484,79,23151.215413,10.049802559777683,Europe & Central Asia
PRT,Portugal,2010,7.47823683208359,79.25,22551.935099,10.023576154951922,Europe & Central Asia
PRT,Portugal,2011,6.95577474130617,78.73,23246.542542,10.053911692086425,Europe & Central Asia
PRT,Portugal,2012,6.62498247131832,79.03,20593.427422,9.932727246683632,Europe & Central Asia
PRT,Portugal,2013,6.49498247134915,80.72,21676.485964,9.983983355884776,Europe & Central Asia
PRT,Portugal,2014,6.29156903319605,80.37,22120.685013,10.004268423194748,Europe & Central Asia
PRT,Portugal,2015,6.15806740962823,80.37,19215.781301,9.863487163166324,Europe & Central Asia
PRT,Portugal,2016,6.1063859792868,80.72,19980.280887,9.902501110512134,Europe & Central Asia
PRT,Portugal,2017,6.24691409058874,81.52,21442.384277,9.97312481595133,Europe & Central Asia
ROU,Romania,2007,3.64435620101054,72,8360.337759,9.031254107056876,Europe & Central Asia
ROU,Romania,2008,3.64926590477898,73,10435.156123,9.252935780875182,Europe & Central Asia
ROU,Romania,2009,4.03400374914484,73,8548.454341,9.053505766757937,Europe & Central Asia
ROU,Romania,2010,4.05734354697251,73.37,8399.537423,9.035931914624593,Europe & Central Asia
ROU,Romania,2011,3.95653430421798,73.31,9560.675528,9.165413665473697,Europe & Central Asia
ROU,Romania,2012,3.67623541955357,73.46,8929.953662,9.097166484831323,Europe & Central Asia
ROU,Romania,2013,4.04885728042097,74.51,9497.674116,9.158802217718163,Europe & Central Asia
ROU,Romania,2014,3.99737529983118,74.56,10031.771076,9.213512443234343,Europe & Central Asia
ROU,Romania,2015,4.2014130784418,74.46,8977.017482,9.10242297717598,Europe & Central Asia
ROU,Romania,2016,4.10647873121767,75.06,9404.540059,9.148947836658383,Europe & Central Asia
ROU,Romania,2017,4.35565311605638,74.96,10727.982201,9.280610765843807,Europe & Central Asia
RUS,Russian Federation,2008,3.87619860752602,66,11635.28418,9.361797500019122,Europe & Central Asia
RUS,Russian Federation,2009,4.72220405116286,66,8562.824219,9.05518534684632,Europe & Central Asia
RUS,Russian Federation,2010,4.18963985180268,67.84,10674.990234,9.275658923248631,Europe & Central Asia
RUS,Russian Federation,2011,3.6795088718184,68.86,14305.332031,9.568387616050217,Europe & Central Asia
RUS,Russian Federation,2012,3.19881004559975,68.8,15401.851563,9.642243012538144,Europe & Central Asia
RUS,Russian Federation,2013,3.13198334561451,69,15941.448242,9.676677804051444,Europe & Central Asia
RUS,Russian Federation,2014,3.1438881277868,70.46,14055.472656,9.550767111804005,Europe & Central Asia
RUS,Russian Federation,2015,2.72661928403367,71.07,9277.713867,9.135370444892176,Europe & Central Asia
RUS,Russian Federation,2016,3.62430498456341,70.37,8663.158203,9.066834623641896,Europe & Central Asia
RUS,Russian Federation,2017,3.02233740796837,70.91,10658.913086,9.27415173060767,Europe & Central Asia
SGP,Singapore,2007,0.817755638480133,80,39432.88602,10.58235541770064,East Asia & Pacific
SGP,Singapore,2008,1.00459367982081,80,40008.572049,10.596849011361844,East Asia & Pacific
SGP,Singapore,2009,1.30562032900782,81,38926.805437,10.569438378080005,East Asia & Pacific
SGP,Singapore,2010,1.16242548093905,80.74,47236.683085,10.76292605372678,East Asia & Pacific
SGP,Singapore,2011,1.14000169053576,81.29,53891.457026,10.89472724760046,East Asia & Pacific
SGP,Singapore,2012,1.28247785546837,81.64,55547.555308,10.924994785242472,East Asia & Pacific
SGP,Singapore,2013,1.51331500508093,81.89,56967.425794,10.950234906163052,East Asia & Pacific
SGP,Singapore,2014,1.77338945762091,82.14,57564.802311,10.960666588914428,East Asia & Pacific
SGP,Singapore,2015,2.1104556658128,82.35,55645.606861,10.926758411287494,East Asia & Pacific
SGP,Singapore,2016,2.22691802432554,82.65,57204.034011,10.954379699548976,East Asia & Pacific
SGP,Singapore,2017,2.1510829674498,82.6,61436.13255,11.025753419062978,East Asia & Pacific
SLV,El Salvador,2007,3.22424206798242,71,2830.656938,7.94826409726736,Latin America & Caribbean
SLV,El Salvador,2008,3.82167446494334,71,2983.248296,8.000768018060462,Latin America & Caribbean
SLV,El Salvador,2009,4.21836171897814,72,2910.186518,7.975972453644153,Latin America & Caribbean
SLV,El Salvador,2010,3.5835998944055,71.26,3040.07301,8.019636810559245,Latin America & Caribbean
SLV,El Salvador,2011,4.32364957436455,71.46,3330.600495,8.11090789554603,Latin America & Caribbean
SLV,El Salvador,2012,3.26114581823011,71.73,3497.912569,8.159921660697853,Latin America & Caribbean
SLV,El Salvador,2013,3.24724341274778,71.95,3582.26694,8.18375110245705,Latin America & Caribbean
SLV,El Salvador,2014,2.35112180643345,72.1,3666.012489,8.206859835104158,Latin America & Caribbean
SLV,El Salvador,2015,3.87358436469633,72.34,3790.340891,8.240211238886557,Latin America & Caribbean
SLV,El Salvador,2016,3.81044188394067,72.75,3901.34015,8.269075401296217,Latin America & Caribbean
SLV,El Salvador,2017,3.81877875143269,73,4020.126714,8.299068702011816,Latin America & Caribbean
SRB,Serbia,2007,6.12574502312368,73,6081.087657,8.712938849915082,Europe & Central Asia
SRB,Serbia,2008,5.87961668997867,73,7376.735179,8.906086432042848,Europe & Central Asia
SRB,Serbia,2009,5.9752065398145,73,6414.044846,8.766245372121391,Europe & Central Asia
SRB,Serbia,2010,5.76806340453629,73.64,5970.926609,8.694657405230457,Europe & Central Asia
SRB,Serbia,2011,5.55506653357202,73.69,7082.286167,8.865352039508688,Europe & Central Asia
SRB,Serbia,2012,5.64626590057857,73.94,6263.040861,8.742421106693817,Europe & Central Asia
SVK,Slovak Republic,2007,6.18761527659258,74,14330.206494,9.570124930627678,Europe & Central Asia
SVK,Slovak Republic,2008,6.82498450951662,74,17973.843644,9.796672849170802,Europe & Central Asia
SVK,Slovak Republic,2009,7.40368575592008,75,16586.752781,9.71635963051202,Europe & Central Asia
SVK,Slovak Republic,2010,7.31828546498946,74.81,16899.448681,9.735036277953007,Europe & Central Asia
SVK,Slovak Republic,2011,6.95093458594875,74.91,18469.435432,9.82387250596921,Europe & Central Asia
SVK,Slovak Republic,2012,6.93426133617201,75.11,17516.969105,9.770925353234844,Europe & Central Asia
SVK,Slovak Republic,2013,6.97833481893552,75.96,18312.780515,9.815354483867356,Europe & Central Asia
SVK,Slovak Republic,2014,7.12161808194922,76.11,18770.92899,9.840064621696236,Europe & Central Asia
SVK,Slovak Republic,2015,7.11191234816121,76.26,16442.076086,9.7075989432406,Europe & Central Asia
SVK,Slovak Republic,2016,7.45459310996589,76.71,16636.076913,9.719328924138964,Europe & Central Asia
SVK,Slovak Republic,2017,5.47714297187427,77.21,17645.529872,9.778237765241943,Europe & Central Asia
SVN,Slovenia,2007,5.94648351742713,77,23725.1596,10.07429135053664,Europe & Central Asia
SVN,Slovenia,2008,6.20147527562059,78,27461.976417,10.220557651131056,Europe & Central Asia
SVN,Slovenia,2009,7.01562923000924,78,24501.789729,10.10650144402805,Europe & Central Asia
SVN,Slovenia,2010,6.91613500948661,78.97,23329.841769,10.057488582695004,Europe & Central Asia
SVN,Slovenia,2011,7.03491090799354,78.97,24940.628484,10.124253418756131,Europe & Central Asia
SVN,Slovenia,2012,6.98835351871229,79.42,22442.141786,10.01869580009096,Europe & Central Asia
SVN,Slovenia,2013,6.86112321142689,79.97,23236.965532,10.053499631528505,Europe & Central Asia
SVN,Slovenia,2014,6.54799320649622,80.12,24013.068206,10.08635346972241,Europe & Central Asia
SVN,Slovenia,2015,6.73313953639408,80.28,20697.274853,9.937757320973365,Europe & Central Asia
SVN,Slovenia,2016,6.77143042795877,80.52,21447.83778,9.973379116478016,Europe & Central Asia
SVN,Slovenia,2017,6.61944845221757,81.08,23303.077706,10.056340721216891,Europe & Central Asia
SWE,Sweden,2007,6.51528266676248,81,53568.305779,10.888712862072849,Europe & Central Asia
SWE,Sweden,2008,6.74485515298407,81,55817.175973,10.92983691414086,Europe & Central Asia
SWE,Sweden,2009,7.16432556764118,81,46707.642504,10.751663081316869,Europe & Central Asia
SWE,Sweden,2010,6.87557000065605,81.24,52542.575909,10.869379089616706,Europe & Central Asia
SWE,Sweden,2011,6.90740613279674,81.35,60379.48146,11.008404615280924,Europe & Central Asia
SWE,Sweden,2012,7.02913562904348,81.45,57749.561542,10.963871036008898,Europe & Central Asia
SWE,Sweden,2013,7.10087847707513,81.8,60843.98888,11.016068307669142,Europe & Central Asia
SWE,Sweden,2014,7.12539322645126,81.7,59583.458449,10.995133271729296,Europe & Central Asia
SWE,Sweden,2015,7.0321581286207,81.7,51188.165212,10.843263636105611,Europe & Central Asia
SWE,Sweden,2016,7.0285450034206,81.96,51703.508833,10.853280927303768,Europe & Central Asia
SWE,Sweden,2017,7.06178414704902,82.55,53210.223332,10.882005824762588,Europe & Central Asia
THA,Thailand,2013,1.06274891854373,74.09,6018.082447,8.702523957162613,East Asia & Pacific
THA,Thailand,2014,1.05870777657139,74.19,5801.197892,8.665819708312934,East Asia & Pacific
THA,Thailand,2015,1.13507727470737,74.37,5688.853354,8.646263987304684,East Asia & Pacific
THA,Thailand,2016,1.14604106596667,74.42,5833.577156,8.671385668541404,East Asia & Pacific
THA,Thailand,2017,1.19306629227261,74.6,6413.091825,8.766096777618005,East Asia & Pacific
TLS,Timor-Leste,2012,4.59430834147288,62,1022.619032,6.930122293855459,East Asia & Pacific
TUR,Turkiye,2008,5.20002044671467,73,10913.407905,9.297747395312474,Europe & Central Asia
TUR,Turkiye,2009,6.83396483785616,73,9076.924722,9.113490727223535,Europe & Central Asia
TUR,Turkiye,2010,6.35341073151298,71.89,10698.969941,9.277902748619752,Europe & Central Asia
TUR,Turkiye,2011,5.58681310766133,72.05,11373.635576,9.339053287262011,Europe & Central Asia
TUR,Turkiye,2012,5.16964275374699,73.7,11776.759336,9.373883320547414,Europe & Central Asia
TUR,Turkiye,2013,5.2108272095256,73.94,12635.557002,9.444270102902856,Europe & Central Asia
TUR,Turkiye,2014,5.08668575793106,74.86,12209.386233,9.409960298273726,Europe & Central Asia
TUR,Turkiye,2015,5.18751614169203,75.18,11064.64945,9.311510571007249,Europe & Central Asia
TUR,Turkiye,2016,5.30482851830588,75.16,10984.364317,9.304228114869357,Europe & Central Asia
TUR,Turkiye,2017,5.25323443168428,75.43,10756.387768,9.283255068059116,Europe & Central Asia
UKR,Ukraine,2007,3.90063469760281,67,3160.327637,8.058430983801225,Europe & Central Asia
UKR,Ukraine,2008,3.64555952573447,67,4017.806641,8.298491421021302,Europe & Central Asia
UKR,Ukraine,2009,4.15849945767079,68,2607.087646,7.865989032854379,Europe & Central Asia
UKR,Ukraine,2010,4.27287172046776,68.25,3039.632324,8.019491841033073,Europe & Central Asia
UKR,Ukraine,2011,3.8298203602948,69.19,3656.697998,8.204315832841578,Europe & Central Asia
UKR,Ukraine,2012,4.26459187182176,70.28,3951.342285,8.281810619157115,Europe & Central Asia
UKR,Ukraine,2013,4.33868124997441,70.81,4129.896973,8.32600773963908,Europe & Central Asia
UKR,Ukraine,2014,3.69046861363085,70.94,3054.908203,8.024504823036402,Europe & Central Asia
UKR,Ukraine,2015,3.59067237134305,71.16,2094.473877,7.647057668120245,Europe & Central Asia
UKR,Ukraine,2016,3.18519120957069,71.19,2158.461182,7.677150831048786,Europe & Central Asia
UKR,Ukraine,2017,3.4326264197497798,71.19,2604.287598,7.864914441930353,Europe & Central Asia
USA,United States,2007,7.68862635369708,78,48050.227412,10.780002147207218,North America
USA,United States,2008,7.98332413667031,78,48570.059427,10.790762558872087,North America
USA,United States,2009,8.7039138558024,78,47194.950089,10.762042176210016,North America
USA,United States,2010,8.81693271468655,78.44,48642.631209,10.792255610756705,North America
USA,United States,2011,8.78782158018811,78.66,50024.881232,10.820275785276202,North America
USA,United States,2012,8.63174797510759,78.24,51708.394061,10.853375408265183,North America
USA,United States,2013,8.59171804445024,78.64,53297.38629,10.88364257124048,North America
USA,United States,2014,8.85828559258865,78.74,55153.394018,10.91787356436556,North America
USA,United States,2015,9.11514074883848,78.84,56849.469792,10.948162172697195,North America
USA,United States,2016,9.29550808565853,78.94,57976.628204,10.967795246317552,North America
USA,United States,2017,9.27091438448713,78.74,60047.719073,11.00289484298989,North America
YEM,"Yemen, Rep.",2011,1.54245272059982,63.38,1186.475006,7.0787420103357785,Middle East & North Africa
YEM,"Yemen, Rep.",2012,1.60370664089919,65.03,1245.050683,7.126931517307157,Middle East & North Africa
ZAF,South Africa,2008,3.73708996408758,51,6184.754743,8.729842630523795,Sub-Saharan Africa
ZAF,South Africa,2009,3.91377617940405,54,6374.7056,8.760093188568122,Sub-Saharan Africa
ZAF,South Africa,2010,3.9916878217235,51.48,7973.471958,8.983875305282112,Sub-Saharan Africa
ZAF,South Africa,2011,4.12914136770536,51.62,8646.055711,9.064858508764532,Sub-Saharan Africa
ZAF,South Africa,2012,4.26643477919518,52.08,8076.976785,8.996772921227445,Sub-Saharan Africa
ZAF,South Africa,2013,4.39970387457475,52.61,7331.654674,8.899956509377978,Sub-Saharan Africa
ZAF,South Africa,2014,4.45158777253196,56.1,6856.731371,8.832986130638306,Sub-Saharan Africa
ZAF,South Africa,2015,4.60731823453394,56.74,6112.273825,8.718054131053545,Sub-Saharan Africa
ZAF,South Africa,2016,3.83372758587725,57.18,5651.205852,8.639624226501326,Sub-Saharan Africa
ZAF,South Africa,2017,4.60276082565622,57.44,6618.335083,8.797599119263866,Sub-Saharan Africa
